{"text": {"roc_per_tags": [[".net", 0.6488900967782152], ["android", 0.8301444824905723], ["c", 0.7419467792574461], ["c#", 0.7319272956228179], ["c++", 0.7019025172772958], ["css", 0.8399595601095461], ["html", 0.736338138683504], ["ios", 0.7948700679334377], ["iphone", 0.6635471627376747], ["java", 0.7256070039936248], ["javascript", 0.744058014673224], ["jquery", 0.7819770185228876], ["node.js", 0.776855033231991], ["objective-c", 0.646231952979652], ["php", 0.7956970717251355], ["python", 0.8240978956325864]], "roc_macro": 0.7490031307281007, "jaccard_samples": 0.4823629169022046, "jaccard_macro": 0.4560694603423535, "jaccard_micro": 0.4508611955420466, "f1_samples": 0.5291007160354249, "f1_macro": 0.617251501501108, "f1_micro": 0.6215083798882682, "precision_samples": 0.5657680893159978, "precision_macro": 0.7838383267760565, "precision_micro": 0.7842791681353543, "recall_samples": 0.5374717354437536, "recall_macro": 0.5131659380053665, "recall_micro": 0.5146888734674995}, "code": {"roc_per_tags": [[".net", 0.6013185899615637], ["android", 0.7079430036168805], ["c", 0.67738271317357], ["c#", 0.7018641191800484], ["c++", 0.6596744189582685], ["css", 0.7413250204306504], ["html", 0.6589245157521024], ["ios", 0.6677736187345674], ["iphone", 0.5571416184495195], ["java", 0.6612724150810498], ["javascript", 0.684897964392756], ["jquery", 0.636890254178122], ["node.js", 0.734195023353506], ["objective-c", 0.6582794952058915], ["php", 0.6702477210363726], ["python", 0.755062385334667]], "roc_macro": 0.673387054802471, "jaccard_samples": 0.34179335244555703, "jaccard_macro": 0.32621035271155324, "jaccard_micro": 0.32545120320855614, "f1_samples": 0.3742001803547874, "f1_macro": 0.4842660170752646, "f1_micro": 0.4910798713988527, "precision_samples": 0.3948958922178255, "precision_macro": 0.7668237257610375, "precision_micro": 0.7704480269013945, "recall_samples": 0.3850233182589033, "recall_macro": 0.3582769517526013, "recall_micro": 0.3603978718482535}, "union": {"roc_per_tags": [[".net", 0.7100764463611141], ["android", 0.8956402777867004], ["c", 0.8075645026106525], ["c#", 0.8208440220794215], ["c++", 0.7603099497456873], ["css", 0.8866551980978101], ["html", 0.7908903897117773], ["ios", 0.8485636652786399], ["iphone", 0.6992046576378165], ["java", 0.7976519276058897], ["javascript", 0.8134471852432464], ["jquery", 0.8219679424524168], ["node.js", 0.8581538262345708], ["objective-c", 0.7515602416627912], ["php", 0.8524570375085048], ["python", 0.9123017704626679]], "roc_macro": 0.8142055650299818, "jaccard_samples": 0.5836484494872002, "jaccard_macro": 0.5437434555847589, "jaccard_micro": 0.5368185439508327, "f1_samples": 0.6428896134485451, "f1_macro": 0.6964390248779069, "f1_micro": 0.6986101853909009, "precision_samples": 0.6587985208215563, "precision_macro": 0.7518017934689156, "precision_micro": 0.7489149994707315, "recall_samples": 0.6832344073864706, "recall_macro": 0.6518912880233558, "recall_micro": 0.6546379828822577}, "intersection": {"roc_per_tags": [[".net", 0.5401322403786647], ["android", 0.6424472083207524], ["c", 0.6117649898203638], ["c#", 0.6129473927234448], ["c++", 0.601266986489877], ["css", 0.6946293824423864], ["html", 0.6043722647238291], ["ios", 0.6140800213893651], ["iphone", 0.5214841235493777], ["java", 0.5892274914687848], ["javascript", 0.6155087938227334], ["jquery", 0.5968993302485929], ["node.js", 0.6528962303509259], ["objective-c", 0.5529512065227524], ["php", 0.6134877552530034], ["python", 0.6668585105045856]], "roc_macro": 0.60818462050059, "jaccard_samples": 0.2288934426229508, "jaccard_macro": 0.21424100980312288, "jaccard_micro": 0.21413805500629157, "f1_samples": 0.24846378771972327, "f1_macro": 0.34458592089384243, "f1_micro": 0.35274086686160566, "precision_samples": 0.2786001978518937, "precision_macro": 0.8708107172791053, "precision_micro": 0.8820807108478341, "recall_samples": 0.23926064631618615, "recall_macro": 0.21955160173461197, "recall_micro": 0.22044876243349526}}