{"text": {"roc_per_tags": [[".net", 0.6488900967782152], ["android", 0.8301444824905723], ["c", 0.7419467792574461], ["c#", 0.7319272956228179], ["c++", 0.7019025172772958], ["css", 0.8399595601095461], ["html", 0.736338138683504], ["ios", 0.7948700679334377], ["iphone", 0.6635471627376747], ["java", 0.7256070039936248], ["javascript", 0.744058014673224], ["jquery", 0.7819770185228876], ["node.js", 0.776855033231991], ["objective-c", 0.646231952979652], ["php", 0.7956970717251355], ["python", 0.8240978956325864]], "roc_macro": 0.7490031307281007, "jaccard": 0.4823629169022046}, "code": {"roc_per_tags": [[".net", 0.6013185899615637], ["android", 0.7079430036168805], ["c", 0.67738271317357], ["c#", 0.7018641191800484], ["c++", 0.6596744189582685], ["css", 0.7413250204306504], ["html", 0.6589245157521024], ["ios", 0.6677736187345674], ["iphone", 0.5571416184495195], ["java", 0.6612724150810498], ["javascript", 0.684897964392756], ["jquery", 0.636890254178122], ["node.js", 0.734195023353506], ["objective-c", 0.6582794952058915], ["php", 0.6702477210363726], ["python", 0.755062385334667]], "roc_macro": 0.673387054802471, "jaccard": 0.34179335244555703}, "union": {"roc_per_tags": [[".net", 0.7352297592997812], ["android", 0.7566452795600367], ["c", 0.7754010695187166], ["c#", 0.7774130006565988], ["c++", 0.7835209825997953], ["css", 0.8049496644295302], ["html", 0.7713903743315508], ["ios", 0.7288902291917974], ["iphone", 0.659217877094972], ["java", 0.7799616490891659], ["javascript", 0.7900125365649813], ["jquery", 0.731304347826087], ["node.js", 0.8104751619870411], ["objective-c", 0.7875647668393783], ["php", 0.7398068669527897], ["python", 0.8051881993896236]], "roc_macro": 0.7648107353332404, "jaccard": 0.43045034859619374}, "intersection": {"roc_per_tags": [[".net", 0.9898964655480186], ["android", 0.9923567340433239], ["c", 0.9913525978237372], ["c#", 0.9850550411897645], ["c++", 0.9910798122065727], ["css", 0.9917942706425379], ["html", 0.9862933799941673], ["ios", 0.9896176062001901], ["iphone", 0.9943197955126384], ["java", 0.9879522405236281], ["javascript", 0.9756652008645749], ["jquery", 0.9908815685143805], ["node.js", 0.9911017868769443], ["objective-c", 0.9867196449026345], ["php", 0.9934471088067977], ["python", 0.9915131292615696]], "roc_macro": 0.9893153989319675, "jaccard": 0.26944601469756924}}