{"text": {"roc_per_tags": [[".net", 0.5320487579910052], ["android", 0.685507423277806], ["c", 0.5401222274973634], ["c#", 0.5456719697559057], ["c++", 0.5865815967338499], ["css", 0.7489242399681694], ["html", 0.6783100260087346], ["ios", 0.6622567445423352], ["iphone", 0.6521414471862699], ["java", 0.5017453410427498], ["javascript", 0.5787864304443942], ["jquery", 0.6335786921791717], ["node.js", 0.5678414551104376], ["objective-c", 0.6063024376364902], ["php", 0.548304911148666], ["python", 0.5295456761905566]], "roc_macro": 0.5998543360446191, "jaccard_samples": 0.1650269859215591, "jaccard_macro": 0.1429352489038117, "jaccard_micro": 0.16348337388483375, "f1_samples": 0.22172405941837825, "f1_macro": 0.24373424460177, "f1_micro": 0.2810239966540613, "precision_samples": 0.20345651969097417, "precision_macro": 0.24180083679090073, "precision_micro": 0.22542496085886826, "recall_samples": 0.3357381759939702, "recall_macro": 0.3384904568249746, "recall_micro": 0.37302798982188295}, "code": {"roc_per_tags": [[".net", 0.5183563247161185], ["android", 0.597203887985918], ["c", 0.5654057648245381], ["c#", 0.5272070168548263], ["c++", 0.5847919958032707], ["css", 0.6275796200739252], ["html", 0.6040692560211628], ["ios", 0.522876212750171], ["iphone", 0.5213880007478611], ["java", 0.5528037271065608], ["javascript", 0.5573042996307502], ["jquery", 0.6070808998069229], ["node.js", 0.5], ["objective-c", 0.5274241635971663], ["php", 0.5], ["python", 0.5529746004955056]], "roc_macro": 0.5541541106509186, "jaccard_samples": 0.14224844544940643, "jaccard_macro": 0.09886791367793946, "jaccard_micro": 0.13163677244621597, "f1_samples": 0.18140416520857447, "f1_macro": 0.174272387406721, "f1_micro": 0.2326484533754798, "precision_samples": 0.20014838892029396, "precision_macro": 0.28224949665161847, "precision_micro": 0.2272105843439912, "recall_samples": 0.21962620124364046, "recall_macro": 0.19798974469072458, "recall_micro": 0.238352995604904}, "union": {"roc_per_tags": [[".net", 0.5465170322543841], ["android", 0.7451542153039656], ["c", 0.6014040379709824], ["c#", 0.5624266534484001], ["c++", 0.6393484729835552], ["css", 0.7600206491116902], ["html", 0.7014588122618522], ["ios", 0.6745029886826945], ["iphone", 0.6652679241581021], ["java", 0.5545490681493105], ["javascript", 0.5189616561644552], ["jquery", 0.6909747266345352], ["node.js", 0.5678414551104376], ["objective-c", 0.6238484555261081], ["php", 0.548304911148666], ["python", 0.5762711458629294]], "roc_macro": 0.6235532627982543, "jaccard_samples": 0.1750492947320251, "jaccard_macro": 0.1617100236764328, "jaccard_micro": 0.17215677658154038, "f1_samples": 0.24544321719985937, "f1_macro": 0.27517329638936344, "f1_micro": 0.2937436015745534, "precision_samples": 0.20249773995710965, "precision_macro": 0.2165016301236503, "precision_micro": 0.21337299426033768, "recall_samples": 0.4398871773129828, "recall_macro": 0.43513243701045273, "recall_micro": 0.4712468193384224}, "intersection": {"roc_per_tags": [[".net", 0.5038880504527395], ["android", 0.5375570959597581], ["c", 0.5041239543509191], ["c#", 0.510452333162332], ["c++", 0.5320251195535652], ["css", 0.6164832109304044], ["html", 0.5809204697680451], ["ios", 0.5106299686098115], ["iphone", 0.5082615237760287], ["java", 0.5], ["javascript", 0.6171290739106892], ["jquery", 0.5496848653515592], ["node.js", 0.5], ["objective-c", 0.5098781457075483], ["php", 0.5], ["python", 0.5062491308231329]], "roc_macro": 0.5304551838972833, "jaccard_samples": 0.1006359525155455, "jaccard_macro": 0.059066428847427944, "jaccard_micro": 0.10341060393977672, "f1_samples": 0.12302383644243452, "f1_macro": 0.10358835797676985, "f1_micro": 0.1874381188118812, "precision_samples": 0.16064278311663843, "precision_macro": 0.37606189429001896, "precision_micro": 0.2829518916394208, "recall_samples": 0.11547719992462785, "recall_macro": 0.10134776450524641, "recall_micro": 0.14013416608836457}}