{"text": {"roc_per_tags": [[".net", 0.5323535435082127], ["android", 0.6626565762339472], ["c", 0.6828096040229613], ["c#", 0.552334829047802], ["c++", 0.6239461723852171], ["css", 0.7829796975824226], ["html", 0.6796912837133751], ["ios", 0.6458077954614209], ["iphone", 0.591707405666083], ["java", 0.5609867626582026], ["javascript", 0.6522539819979319], ["jquery", 0.6634266860546297], ["node.js", 0.6387525535404298], ["objective-c", 0.5553907087146605], ["php", 0.6169504685277717], ["python", 0.6357380178577778]], "roc_macro": 0.6298616304358029, "jaccard_samples": 0.24167137742604106, "jaccard_macro": 0.2385391935844618, "jaccard_micro": 0.24203591371068173, "f1_samples": 0.27342071791972866, "f1_macro": 0.37389383693053063, "f1_micro": 0.3897406041787955, "precision_samples": 0.30070543621631807, "precision_macro": 0.6379258737342479, "precision_micro": 0.6476405460604107, "recall_samples": 0.27688548143960806, "recall_macro": 0.27596250234744946, "recall_micro": 0.2787416146194772}, "code": {"roc_per_tags": [[".net", 0.5420030978515346], ["android", 0.6418505836475886], ["c", 0.653263066465354], ["c#", 0.6218703046509704], ["c++", 0.6374889569759221], ["css", 0.7467961172327656], ["html", 0.669510384643231], ["ios", 0.6544089198833206], ["iphone", 0.5527741276742861], ["java", 0.5831494394026773], ["javascript", 0.6498303461950187], ["jquery", 0.6156000077038265], ["node.js", 0.6702567087381435], ["objective-c", 0.6462500917465306], ["php", 0.6028058287493941], ["python", 0.6853394903622148]], "roc_macro": 0.6358248419951738, "jaccard_samples": 0.2619453080836631, "jaccard_macro": 0.25416814378382363, "jaccard_micro": 0.2568829993003827, "f1_samples": 0.29133422164795825, "f1_macro": 0.3974582960522446, "f1_micro": 0.40876199207622543, "precision_samples": 0.3151733559449783, "precision_macro": 0.6960863968114311, "precision_micro": 0.6993053999551871, "recall_samples": 0.2948523176936122, "recall_macro": 0.28495948900195195, "recall_micro": 0.28878093916261854}, "union": {"roc_per_tags": [[".net", 0.5695704831731794], ["android", 0.7459321337025163], ["c", 0.7591520289410676], ["c#", 0.6546136345638118], ["c++", 0.7019823463670162], ["css", 0.8599304724476423], ["html", 0.7567999136688496], ["ios", 0.744820942704811], ["iphone", 0.6387482789432982], ["java", 0.6269183571372082], ["javascript", 0.7346317592427805], ["jquery", 0.7305408567617929], ["node.js", 0.7484424002800504], ["objective-c", 0.6789412673854412], ["php", 0.6871668396736251], ["python", 0.7628129256766202]], "roc_macro": 0.712562790041857, "jaccard_samples": 0.38245595439984925, "jaccard_macro": 0.3622477351137171, "jaccard_micro": 0.3647640847670383, "f1_samples": 0.43208335576552087, "f1_macro": 0.5226822604334449, "f1_micro": 0.5345452578044689, "precision_samples": 0.4474926983229696, "precision_macro": 0.6441829189300643, "precision_micro": 0.6436062797211908, "recall_samples": 0.4622632843414358, "recall_macro": 0.45222182864830535, "recall_micro": 0.45708998380754107}, "intersection": {"roc_per_tags": [[".net", 0.5047861581865678], ["android", 0.5585750261790194], ["c", 0.5769206415472478], ["c#", 0.5195914991349605], ["c++", 0.559452782994123], ["css", 0.6698453423675459], ["html", 0.5924017546877565], ["ios", 0.5553957726399307], ["iphone", 0.5057332543970711], ["java", 0.5172178449236714], ["javascript", 0.5674525689501702], ["jquery", 0.5484858369966633], ["node.js", 0.560566861998523], ["objective-c", 0.5226995330757499], ["php", 0.5325894576035406], ["python", 0.5582645825433726]], "roc_macro": 0.5531236823891197, "jaccard_samples": 0.10458592425098925, "jaccard_macro": 0.10580113268280988, "jaccard_micro": 0.10797973400886637, "f1_samples": 0.11685913483539259, "f1_macro": 0.18333934212170572, "f1_micro": 0.19491283223778222, "precision_samples": 0.13798991897493876, "precision_macro": 0.8213841658057283, "precision_micro": 0.8293954134815844, "recall_samples": 0.10947451479178444, "recall_macro": 0.10870016270109603, "recall_micro": 0.11043256997455471}}