{"text": {"roc_per_tags": [[".net", 0.7692095799440233], ["android", 0.9080808690792053], ["c", 0.8447096161377827], ["c#", 0.8388032570978465], ["c++", 0.7881483148459298], ["css", 0.913996074936601], ["html", 0.8416098388612389], ["ios", 0.8734087727851785], ["iphone", 0.7788454730954467], ["java", 0.7919521783959212], ["javascript", 0.8453633686623323], ["jquery", 0.8498724053753448], ["node.js", 0.8705711658530503], ["objective-c", 0.793235451364751], ["php", 0.8618515050250596], ["python", 0.9013762832571274]], "roc_macro": 0.8419396346698025, "jaccard": 0.6432989447899001}, "code": {"roc_per_tags": [[".net", 0.7118275048578196], ["android", 0.7014331326810528], ["c", 0.7336554822753112], ["c#", 0.7457083116089966], ["c++", 0.6881793645604458], ["css", 0.7673096924660345], ["html", 0.7189115131655768], ["ios", 0.7489205401739829], ["iphone", 0.7016473996089918], ["java", 0.6927924005318513], ["javascript", 0.7024452194357037], ["jquery", 0.6839158549562087], ["node.js", 0.7737853899124363], ["objective-c", 0.7767151159608128], ["php", 0.7030276624172256], ["python", 0.7855757304342345]], "roc_macro": 0.7272406446904178, "jaccard": 0.44563228485288975}, "union": {"roc_per_tags": [[".net", 0.9659017799699764], ["android", 0.7225806451612904], ["c", 0.7810192023633677], ["c#", 0.7795315682281059], ["c++", 0.7484202211690363], ["css", 0.7911660777385159], ["html", 0.7807396733909702], ["ios", 0.7931850449597728], ["iphone", 0.9589355356733196], ["java", 0.7792642140468227], ["javascript", 0.9354577806535103], ["jquery", 0.9522437216961712], ["node.js", 0.8052120141342756], ["objective-c", 0.8254172015404364], ["php", 0.7423971377459749], ["python", 0.80550621669627]], "roc_macro": 0.8229361271979885, "jaccard": 0.7258030162319308}, "intersection": {"roc_per_tags": [[".net", 0.8660421021200359], ["android", 0.9956990814987607], ["c", 0.9895087001023541], ["c#", 0.9870532049847026], ["c++", 0.9920317275505749], ["css", 0.9935930671802089], ["html", 0.9878992859827133], ["ios", 0.9883518644580592], ["iphone", 0.8763532552276435], ["java", 0.9888341067285382], ["javascript", 0.8554402464731636], ["jquery", 0.8639415187229599], ["node.js", 0.9932576035177721], ["objective-c", 0.9855854523950326], ["php", 0.9934377492567616], ["python", 0.9932952297208177]], "roc_macro": 0.9593952622450062, "jaccard": 0.4477341247409083}}