{"text": {"roc_per_tags": [[".net", 0.7692095799440233], ["android", 0.9080808690792053], ["c", 0.8447096161377827], ["c#", 0.8388032570978465], ["c++", 0.7881483148459298], ["css", 0.913996074936601], ["html", 0.8416098388612389], ["ios", 0.8734087727851785], ["iphone", 0.7788454730954467], ["java", 0.7919521783959212], ["javascript", 0.8453633686623323], ["jquery", 0.8498724053753448], ["node.js", 0.8705711658530503], ["objective-c", 0.793235451364751], ["php", 0.8618515050250596], ["python", 0.9013762832571274]], "roc_macro": 0.8419396346698025, "jaccard_samples": 0.6432989447899001, "jaccard_macro": 0.584747845798069, "jaccard_micro": 0.5772056067761038, "f1_samples": 0.6996499457141063, "f1_macro": 0.7329023762140714, "f1_micro": 0.7319345103723593, "precision_samples": 0.7150131901262482, "precision_macro": 0.7639540860745702, "precision_micro": 0.7524428376001563, "recall_samples": 0.735112822687017, "recall_macro": 0.708966024396984, "recall_micro": 0.7125144575526255}, "code": {"roc_per_tags": [[".net", 0.7118275048578196], ["android", 0.7014331326810528], ["c", 0.7336554822753112], ["c#", 0.7457083116089966], ["c++", 0.6881793645604458], ["css", 0.7673096924660345], ["html", 0.7189115131655768], ["ios", 0.7489205401739829], ["iphone", 0.7016473996089918], ["java", 0.6927924005318513], ["javascript", 0.7024452194357037], ["jquery", 0.6839158549562087], ["node.js", 0.7737853899124363], ["objective-c", 0.7767151159608128], ["php", 0.7030276624172256], ["python", 0.7855757304342345]], "roc_macro": 0.7272406446904178, "jaccard_samples": 0.44563228485288975, "jaccard_macro": 0.37043821036812974, "jaccard_micro": 0.30928379162928166, "f1_samples": 0.4994343723922582, "f1_macro": 0.5299587472511756, "f1_micro": 0.4724472931027533, "precision_samples": 0.5006359525155455, "precision_macro": 0.6433373013405148, "precision_micro": 0.4185863780849316, "recall_samples": 0.5505417373280572, "recall_macro": 0.5350622385398733, "recall_micro": 0.5422160536664353}, "union": {"roc_per_tags": [[".net", 0.7798262113621862], ["android", 0.9330728065836219], ["c", 0.8922120884223322], ["c#", 0.8920414414447129], ["c++", 0.8274153773635112], ["css", 0.9329320756170625], ["html", 0.8723851539523848], ["ios", 0.9195890781017123], ["iphone", 0.7783891069069668], ["java", 0.8528925862177742], ["javascript", 0.7874794734603361], ["jquery", 0.7970455825777965], ["node.js", 0.9176468225804905], ["objective-c", 0.8872877432270979], ["php", 0.9119393226526938], ["python", 0.9561560606844766]], "roc_macro": 0.8711444331971973, "jaccard_samples": 0.5794607526447548, "jaccard_macro": 0.5489615045874967, "jaccard_micro": 0.44321282401091405, "f1_samples": 0.6679418447578425, "f1_macro": 0.6859811820531636, "f1_micro": 0.6142030012997755, "precision_samples": 0.6134865676061266, "precision_macro": 0.6247418126935442, "precision_micro": 0.4835220326370063, "recall_samples": 0.8593049274543056, "recall_macro": 0.8384113018110906, "recall_micro": 0.8416840157298172}, "intersection": {"roc_per_tags": [[".net", 0.7012108734396568], ["android", 0.6764411951766363], ["c", 0.6861530099907617], ["c#", 0.6924701272621302], ["c++", 0.6489123020428644], ["css", 0.748373691785573], ["html", 0.6881361980744307], ["ios", 0.702740234857449], ["iphone", 0.7021037657974716], ["java", 0.6318519927099985], ["javascript", 0.7603291146377], ["jquery", 0.7367426777537568], ["node.js", 0.7267097331849963], ["objective-c", 0.6826628240984661], ["php", 0.6529398447895913], ["python", 0.7307959530068854]], "roc_macro": 0.698035846163023, "jaccard_samples": 0.3970133785566233, "jaccard_macro": 0.3746033275759152, "jaccard_micro": 0.37946276776606597, "f1_samples": 0.43463888664567013, "f1_macro": 0.541913275761632, "f1_micro": 0.5501602169090462, "precision_samples": 0.4802736951196533, "precision_macro": 0.853873945273171, "precision_micro": 0.8235402638133014, "recall_samples": 0.42634963256076874, "recall_macro": 0.40561696112576673, "recall_micro": 0.4130464954892436}}