{"text": {"roc_per_tags": [[".net", 0.5323535435082127], ["android", 0.6626565762339472], ["c", 0.6828096040229613], ["c#", 0.552334829047802], ["c++", 0.6239461723852171], ["css", 0.7829796975824226], ["html", 0.6796912837133751], ["ios", 0.6458077954614209], ["iphone", 0.591707405666083], ["java", 0.5609867626582026], ["javascript", 0.6522539819979319], ["jquery", 0.6634266860546297], ["node.js", 0.6387525535404298], ["objective-c", 0.5553907087146605], ["php", 0.6169504685277717], ["python", 0.6357380178577778]], "roc_macro": 0.6298616304358029, "jaccard": 0.24167137742604106}, "code": {"roc_per_tags": [[".net", 0.5420030978515346], ["android", 0.6418505836475886], ["c", 0.653263066465354], ["c#", 0.6218703046509704], ["c++", 0.6374889569759221], ["css", 0.7467961172327656], ["html", 0.669510384643231], ["ios", 0.6544089198833206], ["iphone", 0.5527741276742861], ["java", 0.5831494394026773], ["javascript", 0.6498303461950187], ["jquery", 0.6156000077038265], ["node.js", 0.6702567087381435], ["objective-c", 0.6462500917465306], ["php", 0.6028058287493941], ["python", 0.6853394903622148]], "roc_macro": 0.6358248419951738, "jaccard": 0.2619453080836631}, "union": {"roc_per_tags": [[".net", 0.7819843342036554], ["android", 0.7496782496782497], ["c", 0.7708779443254818], ["c#", 0.8271334792122538], ["c++", 0.7731343283582089], ["css", 0.8155500413564929], ["html", 0.8066166439290587], ["ios", 0.788135593220339], ["iphone", 0.7161500815660685], ["java", 0.8220640569395018], ["javascript", 0.7895089285714285], ["jquery", 0.7485380116959064], ["node.js", 0.8041095890410959], ["objective-c", 0.85546875], ["php", 0.7475728155339806], ["python", 0.8304405874499332]], "roc_macro": 0.7891852146926035, "jaccard": 0.38246655360844173}, "intersection": {"roc_per_tags": [[".net", 0.9929607357622922], ["android", 0.9912556213862517], ["c", 0.9893144004589788], ["c#", 0.981526218559045], ["c++", 0.9878075019723159], ["css", 0.9884357215817889], ["html", 0.9819272727272726], ["ios", 0.9811429393983014], ["iphone", 0.9916796487749611], ["java", 0.9890417760124832], ["javascript", 0.9694347063978966], ["jquery", 0.9873187111523898], ["node.js", 0.9890125570776256], ["objective-c", 0.9833392539964476], ["php", 0.9917951268025859], ["python", 0.9870194707938094]], "roc_macro": 0.9864382289284028, "jaccard": 0.13759539287733183}}