{"text": {"roc_per_tags": [[".net", 0.6421738546586514], ["android", 0.8807337192195761], ["c", 0.7965499808922081], ["c#", 0.7380627650712426], ["c++", 0.718745238765006], ["css", 0.8528525867491494], ["html", 0.792017609560249], ["ios", 0.7830064177346702], ["iphone", 0.665392220285253], ["java", 0.771801953182504], ["javascript", 0.8119293888438004], ["jquery", 0.832020834035505], ["node.js", 0.8196238383189313], ["objective-c", 0.6038419139093959], ["php", 0.8302391235253427], ["python", 0.8801803381366468]], "roc_macro": 0.7761982364305082, "jaccard": 0.5327480214810627}, "code": {"roc_per_tags": [[".net", 0.6002668716090207], ["android", 0.7431834972600363], ["c", 0.7388924816042166], ["c#", 0.7260139695923068], ["c++", 0.697964738350655], ["css", 0.807689796929288], ["html", 0.7150599624483918], ["ios", 0.7110989711456355], ["iphone", 0.6276259641200366], ["java", 0.7048169043203596], ["javascript", 0.7214736670564063], ["jquery", 0.675731020901444], ["node.js", 0.7605714176105575], ["objective-c", 0.6920394652924737], ["php", 0.703084495948223], ["python", 0.787992667051833]], "roc_macro": 0.7133441182025553, "jaccard": 0.4106345392877332}, "union": {"roc_per_tags": [[".net", 0.7323788546255506], ["android", 0.7834586466165414], ["c", 0.8101604278074866], ["c#", 0.7975551580202743], ["c++", 0.7976851851851852], ["css", 0.8723045822102427], ["html", 0.7812344449975113], ["ios", 0.7902857142857143], ["iphone", 0.7974137931034483], ["java", 0.7984674329501915], ["javascript", 0.7727272727272727], ["jquery", 0.734600262123198], ["node.js", 0.8144186046511628], ["objective-c", 0.8700873362445415], ["php", 0.75], ["python", 0.8115384615384615]], "roc_macro": 0.7946447610679239, "jaccard": 0.5276026945543622}, "intersection": {"roc_per_tags": [[".net", 0.9896227087939519], ["android", 0.9903022762204493], ["c", 0.9867902495985987], ["c#", 0.9809858124908586], ["c++", 0.9896694214876033], ["css", 0.9830075521990226], ["html", 0.9868765422866971], ["ios", 0.9838305709023941], ["iphone", 0.9831464686138685], ["java", 0.9845289855072464], ["javascript", 0.9770070747462319], ["jquery", 0.9892578836210036], ["node.js", 0.990357324794411], ["objective-c", 0.9802537781579698], ["php", 0.9916130431639072], ["python", 0.9910015363230669]], "roc_macro": 0.986140701806705, "jaccard": 0.35021551724137934}}