{"text": {"roc_per_tags": [[".net", 0.6421738546586514], ["android", 0.8807337192195761], ["c", 0.7965499808922081], ["c#", 0.7380627650712426], ["c++", 0.718745238765006], ["css", 0.8528525867491494], ["html", 0.792017609560249], ["ios", 0.7830064177346702], ["iphone", 0.665392220285253], ["java", 0.771801953182504], ["javascript", 0.8119293888438004], ["jquery", 0.832020834035505], ["node.js", 0.8196238383189313], ["objective-c", 0.6038419139093959], ["php", 0.8302391235253427], ["python", 0.8801803381366468]], "roc_macro": 0.7761982364305082, "jaccard_samples": 0.5327480214810627, "jaccard_macro": 0.4861554466666852, "jaccard_micro": 0.4834651746092996, "f1_samples": 0.5845229683167784, "f1_macro": 0.640908368161897, "f1_micro": 0.6518052231817708, "precision_samples": 0.6134115319389486, "precision_macro": 0.7541920031914203, "precision_micro": 0.7444886802543229, "recall_samples": 0.6048933013001696, "recall_macro": 0.5738090084435922, "recall_micro": 0.5796437659033079}, "code": {"roc_per_tags": [[".net", 0.6002668716090207], ["android", 0.7431834972600363], ["c", 0.7388924816042166], ["c#", 0.7260139695923068], ["c++", 0.697964738350655], ["css", 0.807689796929288], ["html", 0.7150599624483918], ["ios", 0.7110989711456355], ["iphone", 0.6276259641200366], ["java", 0.7048169043203596], ["javascript", 0.7214736670564063], ["jquery", 0.675731020901444], ["node.js", 0.7605714176105575], ["objective-c", 0.6920394652924737], ["php", 0.703084495948223], ["python", 0.787992667051833]], "roc_macro": 0.7133441182025553, "jaccard_samples": 0.4106345392877332, "jaccard_macro": 0.3816644169646286, "jaccard_micro": 0.381375335543976, "f1_samples": 0.45098572639909557, "f1_macro": 0.5463506054546843, "f1_micro": 0.5521675763724173, "precision_samples": 0.4688854343320143, "precision_macro": 0.7241179968403204, "precision_micro": 0.7221557781432202, "recall_samples": 0.47012789711701525, "recall_macro": 0.4450405934944352, "recall_micro": 0.44695813092759656}, "union": {"roc_per_tags": [[".net", 0.7071332630606684], ["android", 0.9264158191945214], ["c", 0.8632387846210512], ["c#", 0.8433064624297355], ["c++", 0.7872971390774798], ["css", 0.9156345342496812], ["html", 0.8400022468078767], ["ios", 0.8631867008477109], ["iphone", 0.7544810699221645], ["java", 0.8507429362190034], ["javascript", 0.8600965821987901], ["jquery", 0.8678235245968731], ["node.js", 0.8911862094430645], ["objective-c", 0.7589512385247197], ["php", 0.8965824825915981], ["python", 0.9499879063390853]], "roc_macro": 0.8485041812577514, "jaccard_samples": 0.6193729979272659, "jaccard_macro": 0.5623982993548611, "jaccard_micro": 0.5564998426188228, "f1_samples": 0.6894487962888188, "f1_macro": 0.7128556914451468, "f1_micro": 0.7150657229524773, "precision_samples": 0.6841106086301112, "precision_macro": 0.7030979636312723, "precision_micro": 0.6951507208387943, "recall_samples": 0.7619370642547579, "recall_macro": 0.7315690713089052, "recall_micro": 0.7361554476058293}, "intersection": {"roc_per_tags": [[".net", 0.5353074632070038], ["android", 0.6975013972850912], ["c", 0.6722036778753735], ["c#", 0.6207702722338139], ["c++", 0.6294128380381812], ["css", 0.7449078494287561], ["html", 0.667075325200764], ["ios", 0.6309186880325948], ["iphone", 0.538537114483125], ["java", 0.62587592128386], ["javascript", 0.6733064737014163], ["jquery", 0.6399283303400758], ["node.js", 0.6890090464864242], ["objective-c", 0.53693014067715], ["php", 0.6367411368819675], ["python", 0.7181850988493946]], "roc_macro": 0.641038173375312, "jaccard_samples": 0.29695096099491236, "jaccard_macro": 0.27550796871561767, "jaccard_micro": 0.27712545245872694, "f1_samples": 0.32205762604646154, "f1_macro": 0.41808661526695273, "f1_micro": 0.43398313286326556, "precision_samples": 0.3569519031467873, "precision_macro": 0.8508192286157352, "precision_micro": 0.8580019133524669, "recall_samples": 0.313084134162427, "recall_macro": 0.287280530629122, "recall_micro": 0.2904464492250752}}