{"text": {"roc_per_tags": [[".net", 0.7121421294027646], ["android", 0.8668995046865263], ["c", 0.7801462618928802], ["c#", 0.7868051930953087], ["c++", 0.7396842721487711], ["css", 0.8624284280899274], ["html", 0.7622747779890774], ["ios", 0.8181335466102204], ["iphone", 0.6915743761553756], ["java", 0.769999120294799], ["javascript", 0.7866934028833994], ["jquery", 0.7923708044239223], ["node.js", 0.7837720707414619], ["objective-c", 0.7062156565932376], ["php", 0.8208277888464297], ["python", 0.8661887998264991]], "roc_macro": 0.7841347583550375, "jaccard": 0.5464457320520067}, "code": {"roc_per_tags": [[".net", 0.6079369866359082], ["android", 0.7267987716739797], ["c", 0.6997154406754416], ["c#", 0.72292088495904], ["c++", 0.6909361291254534], ["css", 0.7708856056792683], ["html", 0.696739141993119], ["ios", 0.723385505374633], ["iphone", 0.577980187239019], ["java", 0.6930168290270727], ["javascript", 0.7081876017386395], ["jquery", 0.669616830934715], ["node.js", 0.7314298867330988], ["objective-c", 0.7122836571459519], ["php", 0.6892824153668113], ["python", 0.7718535621376521]], "roc_macro": 0.6995605897774877, "jaccard": 0.3912109006971924}, "union": {"roc_per_tags": [[".net", 0.7186971235194586], ["android", 0.7610693400167085], ["c", 0.7702222222222221], ["c#", 0.7702776265650517], ["c++", 0.7781803542673108], ["css", 0.8129200896191188], ["html", 0.787492762015055], ["ios", 0.777190332326284], ["iphone", 0.6814244465832531], ["java", 0.7804166666666666], ["javascript", 0.7875432525951558], ["jquery", 0.7545587162654996], ["node.js", 0.7942973523421588], ["objective-c", 0.7956948640483383], ["php", 0.7475868725868726], ["python", 0.8032638259292837]], "roc_macro": 0.7700522404730274, "jaccard": 0.49363811946485775}, "intersection": {"roc_per_tags": [[".net", 0.989305964257518], ["android", 0.9936500985329537], ["c", 0.9904758455855726], ["c#", 0.9857870643827524], ["c++", 0.9895265110189833], ["css", 0.9906397405660378], ["html", 0.9846420153211549], ["ios", 0.9859621686029193], ["iphone", 0.9905626780626781], ["java", 0.9888300573003553], ["javascript", 0.9740397753150144], ["jquery", 0.9874284472139699], ["node.js", 0.9915622510320852], ["objective-c", 0.9835431134259259], ["php", 0.9926316549880806], ["python", 0.9920802919708029]], "roc_macro": 0.9881667298485504, "jaccard": 0.3524825701903147}}