{"text": {"roc_per_tags": [[".net", 0.7107239633526663], ["android", 0.8700043685235033], ["c", 0.7827564059236664], ["c#", 0.7836018165712239], ["c++", 0.7473922345302628], ["css", 0.861133560481318], ["html", 0.7650384127319926], ["ios", 0.8212102569036673], ["iphone", 0.6956288338390058], ["java", 0.7698136417099929], ["javascript", 0.7933065634579138], ["jquery", 0.7977869554959579], ["node.js", 0.7811972508080217], ["objective-c", 0.707509145015619], ["php", 0.8167827181628585], ["python", 0.8670704928404472]], "roc_macro": 0.7856847887717573, "jaccard_samples": 0.5489094592048238, "jaccard_macro": 0.5003058386197041, "jaccard_micro": 0.495474071801166, "f1_samples": 0.6032114480425673, "f1_macro": 0.660158926650916, "f1_micro": 0.6626314439599897, "precision_samples": 0.6321061805162992, "precision_macro": 0.7478229662467256, "precision_micro": 0.7434820143884892, "recall_samples": 0.6234324948181647, "recall_macro": 0.593428524589354, "recall_micro": 0.5976405274115197}, "code": {"roc_per_tags": [[".net", 0.6078022528489112], ["android", 0.7218158281885403], ["c", 0.7016342873715631], ["c#", 0.72292088495904], ["c++", 0.6932077152914522], ["css", 0.7703510866055336], ["html", 0.6937346215642372], ["ios", 0.7255155604855534], ["iphone", 0.5780951385762861], ["java", 0.6944208918433556], ["javascript", 0.7066374789755923], ["jquery", 0.6687650766289982], ["node.js", 0.7263563735410054], ["objective-c", 0.7164001207264499], ["php", 0.6895696990437606], ["python", 0.7718535621376521]], "roc_macro": 0.6993175361742457, "jaccard_samples": 0.39046071226681744, "jaccard_macro": 0.36458220466866686, "jaccard_micro": 0.36495409888870994, "f1_samples": 0.42846274462300465, "f1_macro": 0.5275516245106997, "f1_micro": 0.5347492625368732, "precision_samples": 0.45107287544752217, "precision_macro": 0.7375608609449781, "precision_micro": 0.7378103378103378, "recall_samples": 0.4402652157527793, "recall_macro": 0.41458962389747256, "recall_micro": 0.4193384223918575}, "union": {"roc_per_tags": [[".net", 0.7592107240915484], ["android", 0.9162881683680354], ["c", 0.8436342647283043], ["c#", 0.8540479800917783], ["c++", 0.7997807665113167], ["css", 0.908539585306271], ["html", 0.817674059305654], ["ios", 0.8858055381062826], ["iphone", 0.7462448708741103], ["java", 0.8308412203199461], ["javascript", 0.8451981956700063], ["jquery", 0.8475233401865289], ["node.js", 0.8564002153126109], ["objective-c", 0.8284250801879254], ["php", 0.8801932909066622], ["python", 0.9339253417999522]], "roc_macro": 0.8471082901104332, "jaccard_samples": 0.6237021857923497, "jaccard_macro": 0.567339609804231, "jaccard_micro": 0.5598270913793715, "f1_samples": 0.6918149995064918, "f1_macro": 0.7180279434437692, "f1_micro": 0.7178066010948823, "precision_samples": 0.6895856887130205, "precision_macro": 0.7117088189019185, "precision_micro": 0.7051053195287398, "recall_samples": 0.7568058696061805, "recall_macro": 0.7268909157667678, "recall_micro": 0.7309738607448532}, "intersection": {"roc_per_tags": [[".net", 0.5593154921100292], ["android", 0.6755320283440085], ["c", 0.6407564285669249], ["c#", 0.6524747214384856], ["c++", 0.6408191833103982], ["css", 0.7229450617805807], ["html", 0.641098974990576], ["ios", 0.6609202792829382], ["iphone", 0.5274791015411816], ["java", 0.6333933132334024], ["javascript", 0.6547458467634999], ["jquery", 0.6190286919384271], ["node.js", 0.6511534090364162], ["objective-c", 0.5954841855541435], ["php", 0.626159126299957], ["python", 0.7049987131781472]], "roc_macro": 0.6378940348355697, "jaccard_samples": 0.2916819766346335, "jaccard_macro": 0.26961980460523105, "jaccard_micro": 0.2725148776724708, "f1_samples": 0.3176899108993512, "f1_macro": 0.4160647054241583, "f1_micro": 0.4283091419267676, "precision_samples": 0.3555916713774261, "precision_macro": 0.8455268722024415, "precision_micro": 0.8524544953116382, "recall_samples": 0.3068918409647635, "recall_macro": 0.2811272327200589, "recall_micro": 0.2860050890585242}}